Province,Year,Teacher_count_primary,PTR_primary,Student_enrolment_primary,Primary_Schools,Rural_schools,Urban_schools,ptr_primary_calc,teacher_growth_rate,enrolment_growth_rate,recruitment_gap,teachers_per_school,learners_per_school,rural_school_pct,ptr_trend_3yr,attrition_proxy_rate,risk_label
Central,2010,9098,49.2,351709,999,931.0,129.0,38.6578,27.4944,0.8534,-26.641,9.1071,352.0611,0.8783,43.7636,0.0,0
Central,2011,8331,36.88,380496,1020,908.0,112.0,45.6723,-8.4304,8.1849,16.6153,8.1676,373.0353,0.8902,44.3999,0.0843,0
Central,2012,9301,55.8,356596,433,889.0,111.0,38.3395,11.6433,-6.2813,-17.9246,21.4804,823.5473,0.889,40.8899,0.0,1
Central,2013,9489,54.0,389019,1120,1060.0,140.0,40.9968,2.0213,9.0924,7.0711,8.4723,347.3384,0.8833,41.6695,0.0,0
Central,2014,9341,53.4,385029,1022,950.0,145.0,41.2192,-1.5597,-1.0257,0.534,9.1399,376.7407,0.8676,40.1852,0.0156,1
Central,2016,9457,42.6,402813,1042,974.0,149.0,42.5942,1.2418,4.6189,3.3771,9.0758,386.5768,0.8673,41.6034,0.0,0
Central,2019,8972,54.9,414477,1080,1074.0,171.0,46.1967,-5.1285,2.8956,8.0241,8.3074,383.775,0.8627,43.3367,0.0513,1
Central,2020,10114,40.4,434841,1114,974.0,140.0,42.994,12.7285,4.9132,-7.8153,9.079,390.342,0.8743,43.9283,0.0,1
Central,2021,10161,61.0,432496,999,958.0,174.0,42.5643,0.4647,-0.5393,-1.004,10.1712,432.9289,0.8463,43.9183,0.0,0
Central,2022,13961,36.0,508279,1311,1058.0,552.0,36.4071,37.3979,17.5222,-19.8757,10.6491,387.7033,0.6571,40.6551,0.0,0
Central,2023,14172,38.0,518495,1378,1071.0,556.0,36.5859,1.5114,2.0099,0.4985,10.2845,376.2663,0.6583,38.5191,0.0,1
Central,2024,14666,44.0,563892,1278,993.0,515.0,38.4489,3.4857,8.7555,5.2698,11.4757,441.23,0.6585,37.1473,0.0,0
Central,2025,13294,51.0,596557,1398,1124.0,296.0,44.8742,-9.355,5.7928,15.1478,9.5093,426.7217,0.7915,39.9697,0.0935,1
Copperbelt,2010,15036,45.5,457539,978,485.0,524.0,30.4296,27.7268,1.501,-26.2258,15.3742,467.8313,0.4807,34.3608,0.0,0
Copperbelt,2012,13098,45.0,454857,480,444.0,487.0,34.7272,25.7126,9.9655,-15.7471,27.2875,947.6188,0.4769,34.9523,0.0,0
Copperbelt,2013,11846,44.7,386726,903,502.0,524.0,32.6461,-9.5587,-14.9786,-5.4199,13.1185,428.268,0.4893,35.6912,0.0956,1
Copperbelt,2014,14250,42.9,456263,1039,514.0,672.0,32.0185,20.2938,17.9809,-2.3129,13.7151,439.1367,0.4334,33.1306,0.0,0
Copperbelt,2016,12746,34.1,434351,1083,506.0,714.0,34.0774,-10.5544,-4.8025,5.7519,11.7692,401.0628,0.4148,32.914,0.1055,0
Copperbelt,2019,15338,37.1,438221,1040,501.0,680.0,28.5709,20.3358,0.891,-19.4448,14.7481,421.3663,0.4242,31.5556,0.0,1
Copperbelt,2020,15919,42.5,427407,1017,459.0,558.0,26.8489,3.788,-2.4677,-6.2557,15.6529,420.2625,0.4513,29.8324,0.0,1
Copperbelt,2021,15970,52.0,492011,1196,598.0,757.0,30.8085,0.3204,15.1153,14.7949,13.3528,411.3804,0.4413,28.7428,0.0,1
Copperbelt,2022,18642,28.0,521673,1311,611.0,778.0,27.9837,16.7314,6.0287,-10.7027,14.2197,397.9199,0.4399,28.547,0.0,1
Copperbelt,2023,18828,33.0,588567,1378,768.0,781.0,31.2602,0.9977,12.823,11.8253,13.6633,427.1168,0.4958,30.0175,0.0,1
Copperbelt,2024,19734,34.0,597357,1240,766.0,778.0,30.2704,4.812,1.4935,-3.3185,15.9145,481.7395,0.4961,29.8381,0.0,0
Copperbelt,2025,14453,53.0,616830,1164,527.0,879.0,42.6783,-26.7609,3.2599,30.0208,12.4167,529.9227,0.3748,34.7363,0.2676,1
Eastern,2010,7304,60.3,360654,1138,1084.0,56.0,49.3776,11.0199,1.1025,-9.9174,6.4183,316.9192,0.9509,51.7994,0.0,1
Eastern,2011,6070,41.0,377058,1111,1067.0,44.0,62.1183,-16.8949,4.5484,21.4433,5.4635,339.3861,0.9604,55.239,0.1689,0
Eastern,2012,7338,71.2,359525,557,1042.0,45.0,48.995,20.8896,-4.6499,-25.5395,13.1741,645.4668,0.9586,53.497,0.0,0
Eastern,2013,7152,69.3,363599,1037,1034.0,72.0,50.8388,-2.5348,1.1332,3.668,6.8968,350.6258,0.9349,53.984,0.0253,1
Eastern,2014,7317,66.1,369654,1044,1051.0,75.0,50.5199,2.307,1.6653,-0.6417,7.0086,354.0747,0.9334,50.1179,0.0,0
Eastern,2016,6488,55.9,372420,1010,1010.0,72.0,57.4014,-11.3298,0.7483,12.0781,6.4238,368.7327,0.9335,52.92,0.1133,1
Eastern,2019,6868,84.0,415589,1123,1186.0,105.0,60.5109,5.857,11.5915,5.7345,6.1158,370.0703,0.9187,56.1441,0.0,1
Eastern,2020,7192,52.4,401692,1144,1073.0,71.0,55.8526,4.7175,-3.3439,-8.0614,6.2867,351.1294,0.9379,57.9216,0.0,1
Eastern,2021,7260,73.0,433267,1415,1427.0,176.0,59.6787,0.9455,7.8605,6.915,5.1307,306.1958,0.8902,58.6807,0.0,0
Eastern,2022,10815,42.0,456285,1355,1432.0,170.0,42.19,48.9669,5.3127,-43.6542,7.9815,336.7417,0.8939,52.5738,0.0,0
Eastern,2023,11093,42.0,451692,1425,1433.0,170.0,40.7187,2.5705,-1.0066,-3.5771,7.7846,316.9768,0.8939,47.5291,0.0,0
Eastern,2024,11422,59.0,559223,1459,1473.0,175.0,48.9602,2.9658,23.8063,20.8405,7.8286,383.292,0.8938,43.9563,0.0,0
Eastern,2025,15625,41.0,583003,1508,1277.0,174.0,37.3122,36.7974,4.2523,-32.5451,10.3614,386.6068,0.8801,42.3304,0.0,0
Luapula,2010,5300,60.1,251050,633,629.0,51.0,47.3679,46.8144,3.9385,-42.8759,8.3728,396.6035,0.925,57.1378,0.0,0
Luapula,2011,3818,41.1,251065,606,563.0,43.0,65.7583,-27.9623,0.006,27.9683,6.3003,414.2987,0.929,60.0113,0.2796,0
Luapula,2012,5108,96.0,241943,246,571.0,41.0,47.3655,33.7873,-3.6333,-37.4206,20.7642,983.5081,0.933,53.4972,0.0,0
Luapula,2013,5352,92.3,261451,669,653.0,64.0,48.8511,4.7768,8.0631,3.2863,8.0,390.8087,0.9107,53.9916,0.0,0
Luapula,2014,5227,101.8,267688,626,642.0,47.0,51.2126,-2.3356,2.3855,4.7211,8.3498,427.6166,0.9318,49.1431,0.0234,1
Luapula,2016,4613,56.0,273397,631,645.0,49.0,59.2666,-11.7467,2.1327,13.8794,7.3106,433.2758,0.9294,53.1101,0.1175,1
Luapula,2019,6038,84.5,282680,670,677.0,83.0,46.8168,30.891,3.3954,-27.4956,9.0119,421.9104,0.8908,52.432,0.0,1
Luapula,2020,6265,27.8,302188,679,608.0,71.0,48.2343,3.7595,6.9011,3.1416,9.2268,445.0486,0.8954,51.4392,0.0,1
Luapula,2021,6318,50.0,305742,700,711.0,82.0,48.3922,0.846,1.1761,0.3301,9.0257,436.7743,0.8966,47.8144,0.0,0
Luapula,2022,8101,40.0,323290,629,707.0,86.0,39.9074,28.221,5.7395,-22.4815,12.8792,513.9746,0.8916,45.5113,0.0,0
Luapula,2023,8355,44.0,353443,661,101.0,814.0,42.3032,3.1354,9.3269,6.1915,12.6399,534.7095,0.1104,43.5343,0.0,0
Luapula,2024,8598,48.0,363617,744,1066.0,224.0,42.2909,2.9084,2.8785,-0.0299,11.5565,488.7325,0.8264,41.5005,0.0,1
Luapula,2025,9883,44.0,392155,767,698.0,144.0,39.6798,14.9453,7.8484,-7.0969,12.8853,511.2842,0.829,41.4246,0.0,0
Lusaka,2010,11647,44.5,381397,677,211.0,474.0,32.7464,46.0988,15.6225,-30.4763,17.2038,563.3634,0.308,37.0621,0.0,0
Lusaka,2011,4715,39.0,353969,667,213.0,454.0,75.073,-59.5175,-7.1915,52.326,7.069,530.6882,0.3193,49.7324,0.5952,1
Lusaka,2012,9496,56.3,333754,324,203.0,465.0,35.1468,101.3998,-5.711,-107.1108,29.3086,1030.1049,0.3039,47.6554,0.0,0
Lusaka,2013,9660,46.3,349646,639,213.0,522.0,36.1952,1.727,4.7616,3.0346,15.1174,547.1768,0.2898,48.805,0.0,0
Lusaka,2014,11694,44.7,394845,787,300.0,601.0,33.7648,21.0559,12.9271,-8.1288,14.859,501.709,0.333,35.0356,0.0,0
Lusaka,2016,10822,34.7,371433,786,294.0,597.0,34.322,-7.4568,-5.9294,1.5274,13.7684,472.5611,0.33,34.7607,0.0746,0
Lusaka,2019,11254,45.0,368950,731,263.0,597.0,32.7839,3.9919,-0.6685,-4.6604,15.3953,504.7196,0.3058,33.6236,0.0,1
Lusaka,2020,10436,59.2,359428,684,260.0,424.0,34.4412,-7.2685,-2.5808,4.6877,15.2573,525.4795,0.3801,33.849,0.0727,1
Lusaka,2021,10468,73.0,288719,666,305.0,449.0,27.5811,0.3066,-19.6726,-19.9792,15.7177,433.512,0.4045,31.6021,0.0,1
Lusaka,2022,11183,26.0,290061,689,399.0,511.0,25.9377,6.8303,0.4648,-6.3655,16.2308,420.9884,0.4385,29.32,0.0,1
Lusaka,2023,11304,27.0,270822,661,658.0,138.0,23.9581,1.082,-6.6327,-7.7147,17.1014,409.7156,0.8266,25.8256,0.0,1
Lusaka,2024,11797,44.0,447938,1023,101.0,817.0,37.9705,4.3613,65.3994,61.0381,11.5318,437.8671,0.11,29.2888,0.0,0
Lusaka,2025,11577,52.0,484846,1241,286.0,1200.0,41.8801,-1.8649,8.2395,10.1044,9.3288,390.6898,0.1925,34.6029,0.0186,0
Muchinga,2014,3996,65.5,213566,688,683.0,58.0,53.4449,-0.1499,9.0134,9.1633,5.8081,310.4157,0.9217,51.1987,0.0015,1
Muchinga,2016,4046,51.7,210145,673,696.0,42.0,51.939,1.2513,-1.6018,-2.8531,6.0119,312.2511,0.9431,51.4455,0.0,0
Muchinga,2019,4119,66.7,225116,685,734.0,55.0,54.6531,1.8043,7.1241,5.3198,6.0131,328.6365,0.9303,53.3457,0.0,1
Muchinga,2020,4113,29.2,228494,684,643.0,41.0,55.5541,-0.1457,1.5006,1.6463,6.0132,334.0556,0.9401,54.0487,0.0015,1
Muchinga,2021,4171,45.0,193330,620,656.0,46.0,46.351,1.4102,-15.3895,-16.7997,6.7274,311.8226,0.9345,52.1861,0.0,0
Muchinga,2022,6082,33.0,199420,656,670.0,123.0,32.7886,45.8164,3.1501,-42.6663,9.2713,303.9939,0.8449,44.8979,0.0,0
Muchinga,2023,6236,37.0,222072,690,695.0,98.0,35.6113,2.5321,11.3589,8.8268,9.0377,321.8435,0.8764,38.2503,0.0,0
Muchinga,2024,6419,42.0,239148,717,756.0,102.0,37.2563,2.9346,7.6894,4.7548,8.9526,333.5397,0.8811,35.2187,0.0,1
Muchinga,2025,6240,44.0,245763,689,507.0,79.0,39.3851,-2.7886,2.7661,5.5547,9.0566,356.6952,0.8652,37.4176,0.0279,1
North-Western,2010,5098,51.1,200516,690,688.0,33.0,39.3323,27.6095,1.6728,-25.9367,7.3884,290.6029,0.9542,44.3491,0.0,0
North-Western,2011,4200,35.6,203736,689,667.0,22.0,48.5086,-17.6148,1.6059,19.2207,6.0958,295.6981,0.9681,45.7356,0.1761,0
North-Western,2012,4669,58.3,493339,339,660.0,22.0,105.6627,11.1667,142.1462,130.9795,13.7729,1455.2773,0.9677,64.5012,0.0,1
North-Western,2013,4863,57.5,214183,700,725.0,36.0,44.0434,4.1551,-56.585,-60.7401,6.9471,305.9757,0.9527,66.0716,0.0,0
North-Western,2014,4935,46.7,227185,704,740.0,46.0,46.0355,1.4806,6.0705,4.5899,7.0099,322.706,0.9415,65.2472,0.0,0
North-Western,2016,4521,49.0,231163,678,731.0,41.0,51.1309,-8.3891,1.751,10.1401,6.6681,340.9484,0.9469,47.0699,0.0839,0
North-Western,2020,4852,72.8,253056,775,719.0,56.0,52.155,7.3214,9.4708,2.1494,6.2606,326.5239,0.9277,49.7738,0.0,1
North-Western,2021,4909,50.0,310722,1050,1027.0,162.0,63.2964,1.1748,22.7878,21.613,4.6752,295.9257,0.8638,55.5274,0.0,0
North-Western,2022,8104,54.0,438006,953,961.0,205.0,54.0481,65.0845,40.9639,-24.1206,8.5037,459.6076,0.8242,56.4998,0.0,0
North-Western,2023,8330,55.0,439356,1002,981.0,208.0,52.7438,2.7887,0.3082,-2.4805,8.3134,438.479,0.8251,56.6961,0.0,0
North-Western,2024,8610,45.0,346723,1,820.0,315.0,40.2698,3.3613,-21.0838,-24.4451,8610.0,346723.0,0.7225,49.0206,0.0,0
North-Western,2025,8972,47.0,369436,978,662.0,147.0,41.1765,4.2044,6.5508,2.3464,9.1738,377.7464,0.8183,44.73,0.0,0
North-Western,4800,2019,62.6,243890,749,818.0,82.0,120.7974,-77.4967,-33.9832,43.5135,2.6956,325.6208,0.9089,67.4146,0.775,1
Northern,2010,9304,55.0,437788,1441,1379.0,72.0,47.0537,25.6788,3.9578,-21.721,6.4566,303.8085,0.9504,51.9694,0.0,1
Northern,2011,8275,36.7,434927,1421,1337.0,84.0,52.5592,-11.0598,-0.6535,10.4063,5.8234,306.0711,0.9409,52.166,0.1106,0
Northern,2012,8576,63.6,439302,860,1325.0,77.0,51.2246,3.6375,1.0059,-2.6316,9.9721,510.8163,0.9451,50.2792,0.0,1
Northern,2013,5563,65.8,290454,879,853.0,61.0,52.2118,-35.1329,-33.8828,1.2501,6.3288,330.4369,0.9333,51.9985,0.3513,1
Northern,2014,5636,54.6,293193,885,856.0,69.0,52.0215,1.3122,0.943,-0.3692,6.3684,331.2915,0.9254,51.8193,0.0,0
Northern,2016,5252,56.9,308271,872,884.0,79.0,58.6959,-6.8133,5.1427,11.956,6.0229,353.5218,0.918,54.3097,0.0681,0
Northern,2019,5034,81.7,309549,871,916.0,94.0,61.4917,-4.1508,0.4146,4.5654,5.7796,355.3949,0.9069,57.403,0.0415,1
Northern,2020,5140,50.4,329614,941,867.0,74.0,64.1272,2.1057,6.482,4.3763,5.4623,350.2806,0.9214,61.4383,0.0,1
Northern,2021,5194,65.0,323300,1040,1012.0,166.0,62.2449,1.0506,-1.9156,-2.9662,4.9942,310.8654,0.8591,62.6213,0.0,0
Northern,2022,8191,43.0,352036,1052,1010.0,172.0,42.9784,57.7012,8.8883,-48.8129,7.7861,334.635,0.8545,56.4502,0.0,0
Northern,2023,8461,45.0,365847,1106,1040.0,400.0,43.2392,3.2963,3.9232,0.6269,7.6501,330.7839,0.7222,49.4875,0.0,0
Northern,2024,8694,52.0,413070,1066,1456.0,442.0,47.5121,2.7538,12.9079,10.1541,8.1557,387.4953,0.7671,44.5766,0.0,1
Northern,2025,10071,47.0,422263,1061,720.0,149.0,41.9286,15.8385,2.2255,-13.613,9.492,397.9859,0.8285,44.2266,0.0,0
Southern,2010,11423,44.2,397118,1138,1060.0,153.0,34.7648,43.487,1.2501,-42.2369,10.0378,348.9613,0.8739,42.016,0.0,0
Southern,2011,8698,33.6,402279,1155,1033.0,122.0,46.2496,-23.8554,1.2996,25.155,7.5307,348.2935,0.8944,43.4272,0.2386,0
Southern,2012,9954,55.7,247401,502,1031.0,126.0,24.8544,14.4401,-38.5001,-52.9402,19.8287,492.8307,0.8911,35.2896,0.0,0
Southern,2013,9722,53.9,396059,1152,1077.0,179.0,40.7384,-2.3307,60.0879,62.4186,8.4392,343.8012,0.8575,37.2808,0.0233,0
Southern,2014,10016,53.6,400052,1112,1044.0,174.0,39.9413,3.0241,1.0082,-2.0159,9.0072,359.759,0.8571,35.178,0.0,0
Southern,2016,1555,40.2,403944,1140,1066.0,108.0,259.7711,-84.4748,0.9729,85.4477,1.364,354.3368,0.908,113.4836,0.8447,1
Southern,2019,11541,51.2,422431,1241,1154.0,212.0,36.6026,642.1865,4.5766,-637.6099,9.2998,340.3956,0.8448,112.105,0.0,1
Southern,2020,12037,48.7,415158,1242,1072.0,170.0,34.4902,4.2977,-1.7217,-6.0194,9.6916,334.2657,0.8631,110.288,0.0,1
Southern,2021,12085,51.0,475920,1577,1283.0,503.0,39.3811,0.3988,14.6359,14.2371,7.6633,301.7882,0.7184,36.8246,0.0,1
Southern,2022,15268,32.0,482955,1499,1287.0,407.0,31.6318,26.3384,1.4782,-24.8602,10.1855,322.1848,0.7597,35.1677,0.0,1
Southern,2023,15525,36.0,533354,1756,1382.0,419.0,34.3545,1.6833,10.4355,8.7522,8.8411,303.7323,0.7674,35.1225,0.0,0
Southern,2024,16010,44.0,597611,1650,1022.0,217.0,37.3274,3.124,12.0477,8.9237,9.703,362.1885,0.8249,34.4379,0.0,0
Southern,2025,15774,43.0,602684,1548,1345.0,282.0,38.2074,-1.4741,0.8489,2.323,10.1899,389.3307,0.8267,36.6298,0.0147,0
Western,2010,5524,47.2,207506,799,775.0,49.0,37.5644,24.4985,0.8319,-23.6666,6.9136,259.7071,0.9405,41.9728,0.0,1
Western,2011,3384,31.5,217263,797,764.0,33.0,64.203,-38.74,4.702,43.442,4.2459,272.601,0.9586,49.3829,0.3874,1
Western,2012,5427,53.3,148198,395,786.0,34.0,27.3075,60.3723,-31.7887,-92.161,13.7392,375.1848,0.9585,43.025,0.0,0
Western,2013,5900,51.4,228116,866,847.0,52.0,38.6637,8.7157,53.9265,45.2108,6.8129,263.4134,0.9422,43.3914,0.0,0
Western,2014,5976,54.5,231377,847,826.0,55.0,38.7177,1.2881,1.4295,0.1414,7.0555,273.1724,0.9376,34.8963,0.0,0
Western,2016,6053,39.7,295283,908,889.0,56.0,48.7829,1.2885,27.6199,26.3314,6.6663,325.2015,0.9407,42.0548,0.0,0
Western,2019,6923,69.0,302184,1092,1082.0,86.0,43.6493,14.373,2.3371,-12.0359,6.3397,276.7253,0.9264,43.7166,0.0,1
Western,2020,7092,72.8,319892,1161,1085.0,76.0,45.106,2.4411,5.86,3.4189,6.1085,275.5314,0.9345,45.8461,0.0,1
Western,2021,7144,34.0,308478,1217,1178.0,203.0,43.18,0.7332,-3.5681,-4.3013,5.8702,253.4741,0.853,43.9784,0.0,0
Western,2022,10185,32.0,329225,1226,1078.0,337.0,32.3245,42.5672,6.7256,-35.8416,8.3075,268.5359,0.7618,40.2035,0.0,0
Western,2023,10577,33.0,342573,1290,1105.0,179.0,32.3885,3.8488,4.0544,0.2056,8.1992,265.5605,0.8606,35.9643,0.0,0
Western,2024,10910,38.0,360424,1327,1278.0,207.0,33.0361,3.1483,5.2109,2.0626,8.2216,271.6081,0.8606,32.583,0.0,0
Western,2025,10699,40.0,381403,1374,849.0,173.0,35.6485,-1.934,5.8206,7.7546,7.7868,277.5859,0.8307,33.691,0.0193,0
